<?xml version="1.0" encoding="utf-8" ?>
<dwsync>
<file name="bootstrap-grid.css" server="C:/xampp/htdocs/test/" local="132246900310000000" remote="132246900310000000" Dst="0" />
<file name="bootstrap-grid.css.map" server="C:/xampp/htdocs/test/" local="132246900310000000" remote="132246900310000000" Dst="0" />
<file name="bootstrap-grid.min.css" server="C:/xampp/htdocs/test/" local="132246900310000000" remote="132246900310000000" Dst="0" />
<file name="bootstrap-grid.min.css.map" server="C:/xampp/htdocs/test/" local="132246900310000000" remote="132246900310000000" Dst="0" />
<file name="bootstrap-reboot.css" server="C:/xampp/htdocs/test/" local="132246900310000000" remote="132246900310000000" Dst="0" />
<file name="bootstrap-reboot.css.map" server="C:/xampp/htdocs/test/" local="132246900310000000" remote="132246900310000000" Dst="0" />
<file name="bootstrap-reboot.min.css" server="C:/xampp/htdocs/test/" local="132246900310000000" remote="132246900310000000" Dst="0" />
<file name="bootstrap-reboot.min.css.map" server="C:/xampp/htdocs/test/" local="132246900310000000" remote="132246900310000000" Dst="0" />
<file name="bootstrap.css" server="C:/xampp/htdocs/test/" local="132246900310000000" remote="132246900310000000" Dst="0" />
<file name="bootstrap.css.map" server="C:/xampp/htdocs/test/" local="132246900310000000" remote="132246900310000000" Dst="0" />
<file name="bootstrap.min.css" server="C:/xampp/htdocs/test/" local="132246900310000000" remote="132246900310000000" Dst="0" />
<file name="bootstrap.min.css.map" server="C:/xampp/htdocs/test/" local="132246900310000000" remote="132246900310000000" Dst="0" />
</dwsync>