<?xml version="1.0" encoding="utf-8" ?>
<dwsync>
<file name="bootstrap.bundle.js" server="C:/xampp/htdocs/test/" local="132246900310000000" remote="132246900310000000" Dst="0" />
<file name="bootstrap.bundle.js.map" server="C:/xampp/htdocs/test/" local="132246900310000000" remote="132246900310000000" Dst="0" />
<file name="bootstrap.bundle.min.js" server="C:/xampp/htdocs/test/" local="132246900310000000" remote="132246900310000000" Dst="0" />
<file name="bootstrap.bundle.min.js.map" server="C:/xampp/htdocs/test/" local="132246900310000000" remote="132246900310000000" Dst="0" />
<file name="bootstrap.js" server="C:/xampp/htdocs/test/" local="132246900310000000" remote="132246900310000000" Dst="0" />
<file name="bootstrap.js.map" server="C:/xampp/htdocs/test/" local="132246900310000000" remote="132246900310000000" Dst="0" />
<file name="bootstrap.min.js" server="C:/xampp/htdocs/test/" local="132246900310000000" remote="132246900310000000" Dst="0" />
<file name="bootstrap.min.js.map" server="C:/xampp/htdocs/test/" local="132246900310000000" remote="132246900310000000" Dst="0" />
</dwsync>