<?xml version="1.0" encoding="utf-8" ?>
<dwsync>
<file name="about.php" server="C:/xampp/htdocs/test/" local="132246900310000000" remote="132246900310000000" Dst="0" />
<file name="contact.php" server="C:/xampp/htdocs/test/" local="132246900310000000" remote="132246900310000000" Dst="0" />
<file name="footer.php" server="C:/xampp/htdocs/test/" local="132246900310000000" remote="132246900310000000" Dst="0" />
<file name="index.php" server="C:/xampp/htdocs/test/" local="132246900310000000" remote="132246900310000000" Dst="0" />
<file name="menu.php" server="C:/xampp/htdocs/test/" local="132247316754895245" remote="132247316750000000" Dst="0" />
<file name="news.php" server="C:/xampp/htdocs/test/" local="132246900310000000" remote="132246900310000000" Dst="0" />
<file name="register.php" server="C:/xampp/htdocs/test/" local="132246900310000000" remote="132246900310000000" Dst="0" />
<file name="store.php" server="C:/xampp/htdocs/test/" local="131801755620000000" remote="131801755620000000" Dst="0" />
<file name="dbcontroller.php" server="C:/xampp/htdocs/test/" local="132247532171782829" remote="132247532170000000" Dst="0" />
<file name="icon-delete.png" server="C:/xampp/htdocs/test/" local="131800714060000000" remote="131800714060000000" Dst="0" />
<file name="style.css" server="C:/xampp/htdocs/test/" local="131801515560000000" remote="131801515560000000" Dst="0" />
</dwsync>