<?xml version="1.0" encoding="utf-8" ?>
<dwsync>
<file name="gray-framed-eyeglasses-on-black-surface-2095953.jpg" server="C:/xampp/htdocs/test/" local="132246900310000000" remote="132246900310000000" Dst="0" />
<file name="pexels-photo-1068866.jpeg" server="C:/xampp/htdocs/test/" local="132246900310000000" remote="132246900310000000" Dst="0" />
<file name="pexels-photo-131018.jpeg" server="C:/xampp/htdocs/test/" local="132246900310000000" remote="132246900310000000" Dst="0" />
<file name="pexels-photo-1485657.jpeg" server="C:/xampp/htdocs/test/" local="132246900310000000" remote="132246900310000000" Dst="0" />
<file name="pexels-photo-1499480.jpeg" server="C:/xampp/htdocs/test/" local="132246900310000000" remote="132246900310000000" Dst="0" />
<file name="pexels-photo-1627639.jpeg" server="C:/xampp/htdocs/test/" local="132246900310000000" remote="132246900310000000" Dst="0" />
<file name="pexels-photo-343720.jpeg" server="C:/xampp/htdocs/test/" local="132246900310000000" remote="132246900310000000" Dst="0" />
<file name="pexels-photo-39716.jpeg" server="C:/xampp/htdocs/test/" local="132246900310000000" remote="132246900310000000" Dst="0" />
<file name="pexels-photo-55781.jpeg" server="C:/xampp/htdocs/test/" local="132246900310000000" remote="132246900310000000" Dst="0" />
<file name="pexels-photo-57542.jpeg" server="C:/xampp/htdocs/test/" local="132246900310000000" remote="132246900310000000" Dst="0" />
<file name="pexels-photo-839586.jpeg" server="C:/xampp/htdocs/test/" local="132246900310000000" remote="132246900310000000" Dst="0" />
<file name="pexels-photo-975668.jpeg" server="C:/xampp/htdocs/test/" local="132246900310000000" remote="132246900310000000" Dst="0" />
<file name="selective-focus-photography-of-pink-and-black-framed-975668.jpg" server="C:/xampp/htdocs/test/" local="132246900310000000" remote="132246900310000000" Dst="0" />
<file name="woman-with-brown-hair-wearing-eyeglasses-1112203.jpg" server="C:/xampp/htdocs/test/" local="132246900310000000" remote="132246900310000000" Dst="0" />
</dwsync>