<?xml version="1.0" encoding="utf-8" ?>
<dwsync>
<file name="corriger-vue.jpg" server="C:/xampp/htdocs/test/" local="132246900310000000" remote="132246900310000000" Dst="0" />
<file name="HomeBrands7.jpg" server="C:/xampp/htdocs/test/" local="132246900310000000" remote="132246900310000000" Dst="0" />
<file name="marques-principales.jpg" server="C:/xampp/htdocs/test/" local="132246900310000000" remote="132246900310000000" Dst="0" />
<file name="preserver-sante-visuelle.jpg" server="C:/xampp/htdocs/test/" local="132246900310000000" remote="132246900310000000" Dst="0" />
<file name="proteger-yeux.jpg" server="C:/xampp/htdocs/test/" local="132246900310000000" remote="132246900310000000" Dst="0" />
<file name="SB259-COL30-256.jpg" server="C:/xampp/htdocs/test/" local="132246900310000000" remote="132246900310000000" Dst="0" />
<file name="SBS015-COL60-256.jpg" server="C:/xampp/htdocs/test/" local="132246900310000000" remote="132246900310000000" Dst="0" />
<file name="SBS016-COL50-256.jpg" server="C:/xampp/htdocs/test/" local="132246900310000000" remote="132246900310000000" Dst="0" />
<file name="SBS019-COL10-256.jpg" server="C:/xampp/htdocs/test/" local="132246900310000000" remote="132246900310000000" Dst="0" />
<file name="SBS020-COL15-256.jpg" server="C:/xampp/htdocs/test/" local="132246900310000000" remote="132246900310000000" Dst="0" />
<file name="SBS023-COL30-256.jpg" server="C:/xampp/htdocs/test/" local="132246900310000000" remote="132246900310000000" Dst="0" />
<file name="SBS024-COL10-256.jpg" server="C:/xampp/htdocs/test/" local="132246900310000000" remote="132246900310000000" Dst="0" />
<file name="SDO-BARNABY-COL104-256.jpg" server="C:/xampp/htdocs/test/" local="132246900310000000" remote="132246900310000000" Dst="0" />
<file name="SDO-MEGHAN-COL002-256.jpg" server="C:/xampp/htdocs/test/" local="132246900310000000" remote="132246900310000000" Dst="0" />
<file name="SDO-PATERSON-COL104-256.jpg" server="C:/xampp/htdocs/test/" local="132246900310000000" remote="132246900310000000" Dst="0" />
<file name="SDO-REGGIE-COL001-256.jpg" server="C:/xampp/htdocs/test/" local="132246900310000000" remote="132246900310000000" Dst="0" />
<file name="SDO-SACRAMENTO-COL106-256.jpg" server="C:/xampp/htdocs/test/" local="132246900310000000" remote="132246900310000000" Dst="0" />
<file name="SPX595-COL40-256.jpg" server="C:/xampp/htdocs/test/" local="132246900310000000" remote="132246900310000000" Dst="0" />
<file name="SPX609-COL70-256.jpg" server="C:/xampp/htdocs/test/" local="132246900310000000" remote="132246900310000000" Dst="0" />
<file name="SPX619-COL30-256.jpg" server="C:/xampp/htdocs/test/" local="132246900310000000" remote="132246900310000000" Dst="0" />
</dwsync>